,0
0,https://gunosy.com/articles/RdgIa
1,https://gunosy.com/articles/RPo2S
2,https://gunosy.com/articles/RSxr2
3,https://gunosy.com/articles/abmZJ
4,https://gunosy.com/articles/R3r9v
5,https://gunosy.com/articles/azVRD
6,https://gunosy.com/articles/Rwq0D
7,https://gunosy.com/articles/RJcji
8,https://gunosy.com/articles/RpWic
9,https://gunosy.com/articles/aXdgu
10,https://gunosy.com/articles/RYYRL
11,https://gunosy.com/articles/RqtXG
12,https://gunosy.com/articles/aRhMd
13,https://gunosy.com/articles/Rdvs2
14,https://gunosy.com/articles/RXz8a
15,https://gunosy.com/articles/RMNqv
16,https://gunosy.com/articles/alsXY
17,https://gunosy.com/articles/Rjn9v
18,https://gunosy.com/articles/aGFDS
19,https://gunosy.com/articles/RIPX2
